,param,value,evaluation
0,300,0.9467937691365941,valid f1
0,300,0.9953863898500576,valid recall
0,300,0.9502832777721656,train f1
0,300,0.9994232987312572,train recall
