,param,value,evaluation
0,10,0.9586886031833791,valid f1
0,10,0.9769319492502883,valid recall
0,10,0.9594414788366784,train f1
0,10,0.9777008842752787,train recall
