,param,value,evaluation
0,0,0.9292887413557528,valid f1
0,0,0.9646289888504421,valid recall
0,0,0.9314418586746992,train f1
0,0,0.9650134563629372,train recall
