,param,value,evaluation
0,0,0.8789163805060071,valid f1
0,0,0.9911572472126106,valid recall
0,0,0.8795184669646727,train f1
0,0,0.9911572472126106,train recall
