,param,value,evaluation
0,0,0.9474401442985667,valid f1
0,0,0.9734717416378316,valid recall
0,0,0.9524489957926491,train f1
0,0,0.9742406766628221,train recall
