,param,value,evaluation
0,10,0.6159078292367679,valid f1
0,10,0.9580930411380238,valid recall
0,10,0.6170053787933013,train f1
0,10,0.9596309111880045,train recall
