,param,value,evaluation
0,300,0.9583581104523007,valid f1
0,300,0.9777008842752787,valid recall
0,300,0.9592608291647059,train f1
0,300,0.9777008842752787,train recall
