,param,value,evaluation
0,0,0.9389660565774958,valid f1
0,0,0.9788542868127643,valid recall
0,0,0.9426773437128076,train f1
0,0,0.9801999231064976,train recall
