,param,value,evaluation
0,0,0.9326939616423356,valid f1
0,0,0.9761630142252979,valid recall
0,0,0.9325459824195738,train f1
0,0,0.9773164167627836,train recall
