,param,value,evaluation
0,0,0.9352659450727604,valid f1
0,0,0.9757785467128027,valid recall
0,0,0.9351727558344473,train f1
0,0,0.9755863129565552,train recall
