,param,value,evaluation
0,0,0.9544119425043616,valid f1
0,0,0.9738562091503269,valid recall
0,0,0.9559002950204075,train f1
0,0,0.9750096116878124,train recall
