,param,value,evaluation
0,0,0.8489204978629421,valid f1
0,0,0.7827758554402152,valid recall
0,0,0.8508555952006801,train f1
0,0,0.7843137254901961,train recall
