,param,value,evaluation
0,0,0.9329692667905464,valid f1
0,0,0.9323337178008458,valid recall
0,0,0.9328577083001859,train f1
0,0,0.9321414840445982,train recall
