,param,value,evaluation
0,275,0.9535069563164659,valid f1
0,275,0.9734717416378316,valid recall
0,275,0.9545730652884173,train f1
0,275,0.9734717416378316,train recall
