,param,value,evaluation
0,300,0.8528678496442734,valid f1
0,300,0.9615532487504805,valid recall
0,300,0.8520434756312848,train f1
0,300,0.9619377162629758,train recall
